../prop_dataset,CCS,100,0,537,0
../prop_dataset,CCS,100,1,538,0
../prop_dataset,CCS,100,2,483,0
../prop_dataset,CCS,100,3,530,0
../prop_dataset,CCS,100,4,509,0
../prop_dataset,CCS,200,0,1052,0
../prop_dataset,CCS,200,1,1000,0
../prop_dataset,CCS,200,2,1065,0
../prop_dataset,CCS,200,3,1044,0
../prop_dataset,CCS,200,4,1043,0
../prop_dataset,CCS,300,0,1624,0
../prop_dataset,CCS,300,1,1652,0
../prop_dataset,CCS,300,2,1502,0
../prop_dataset,CCS,300,3,1424,0
../prop_dataset,CCS,300,4,1593,0
../prop_dataset,CCS,400,0,1997,0
../prop_dataset,CCS,400,1,2037,0
../prop_dataset,CCS,400,2,2007,0
../prop_dataset,CCS,400,3,2034,0
../prop_dataset,CCS,400,4,2097,0
../prop_dataset,CCS,500,0,2573,0
../prop_dataset,CCS,500,1,2484,0
../prop_dataset,CCS,500,2,2570,0
../prop_dataset,CCS,500,3,2508,0
../prop_dataset,CCS,500,4,2523,0
../prop_dataset,CCS,600,0,3037,0
../prop_dataset,CCS,600,1,3109,0
../prop_dataset,CCS,600,2,3107,0
../prop_dataset,CCS,600,3,3001,0
../prop_dataset,CCS,600,4,3131,0
../prop_dataset,CCS,700,0,3585,0
../prop_dataset,CCS,700,1,3647,0
../prop_dataset,CCS,700,2,3535,0
../prop_dataset,CCS,700,3,3563,0
../prop_dataset,CCS,700,4,3528,0
../prop_dataset,CCS,800,0,4016,0
../prop_dataset,CCS,800,1,3907,0
../prop_dataset,CCS,800,2,4045,0
../prop_dataset,CCS,800,3,4047,0
../prop_dataset,CCS,800,4,4182,0
../prop_dataset,CCS,900,0,4691,0
../prop_dataset,CCS,900,1,4550,0
../prop_dataset,CCS,900,2,4651,0
../prop_dataset,CCS,900,3,4501,0
../prop_dataset,CCS,900,4,4644,0
../prop_dataset,CCS,1000,0,5128,0
../prop_dataset,CCS,1000,1,4954,0
../prop_dataset,CCS,1000,2,5051,0
../prop_dataset,CCS,1000,3,5145,0
../prop_dataset,CCS,1000,4,5251,0
../prop_dataset,CCNS,100,0,555,9566608
../prop_dataset,CCNS,100,1,520,9516464
../prop_dataset,CCNS,100,2,508,8995744
../prop_dataset,CCNS,100,3,591,9392336
../prop_dataset,CCNS,100,4,504,9510624
../prop_dataset,CCNS,200,0,904,17855632
../prop_dataset,CCNS,200,1,953,18391952
../prop_dataset,CCNS,200,2,997,18535824
../prop_dataset,CCNS,200,3,948,18988112
../prop_dataset,CCNS,200,4,972,18904656
../prop_dataset,CCNS,300,0,1472,28934656
../prop_dataset,CCNS,300,1,1456,28821088
../prop_dataset,CCNS,300,2,1346,27029600
../prop_dataset,CCNS,300,3,1335,26356896
../prop_dataset,CCNS,300,4,1416,28676880
../prop_dataset,CCNS,400,0,1848,36596000
../prop_dataset,CCNS,400,1,1893,37397024
../prop_dataset,CCNS,400,2,1920,37079056
../prop_dataset,CCNS,400,3,1841,37044384
../prop_dataset,CCNS,400,4,1925,37656448
../prop_dataset,CCNS,500,0,2326,47061296
../prop_dataset,CCNS,500,1,2327,46041376
../prop_dataset,CCNS,500,2,2395,46879440
../prop_dataset,CCNS,500,3,2389,47112736
../prop_dataset,CCNS,500,4,2299,45547312
../prop_dataset,CCNS,600,0,2774,56341152
../prop_dataset,CCNS,600,1,2829,54654208
../prop_dataset,CCNS,600,2,2760,56569680
../prop_dataset,CCNS,600,3,2784,55977936
../prop_dataset,CCNS,600,4,2771,56278368
../prop_dataset,CCNS,700,0,3462,66766800
../prop_dataset,CCNS,700,1,3266,66098640
../prop_dataset,CCNS,700,2,3176,64934592
../prop_dataset,CCNS,700,3,3178,65513536
../prop_dataset,CCNS,700,4,3252,65663440
../prop_dataset,CCNS,800,0,3699,74601552
../prop_dataset,CCNS,800,1,3598,72876656
../prop_dataset,CCNS,800,2,3634,75519136
../prop_dataset,CCNS,800,3,3751,74916016
../prop_dataset,CCNS,800,4,3644,73513952
../prop_dataset,CCNS,900,0,4296,84754672
../prop_dataset,CCNS,900,1,4136,84484320
../prop_dataset,CCNS,900,2,4212,84427072
../prop_dataset,CCNS,900,3,4235,83926304
../prop_dataset,CCNS,900,4,4186,85337648
../prop_dataset,CCNS,1000,0,4554,92999008
../prop_dataset,CCNS,1000,1,4573,92909728
../prop_dataset,CCNS,1000,2,4635,94971984
../prop_dataset,CCNS,1000,3,4652,93633488
../prop_dataset,CCNS,1000,4,4616,92669264

../prop_dataset,GCS,100,0,636,9566608
../prop_dataset,GCS,100,1,43,9516464
../prop_dataset,GCS,100,2,35,8995744
../prop_dataset,GCS,100,3,30,9392336
../prop_dataset,GCS,100,4,30,9510624
../prop_dataset,GCS,200,0,56,17855632
../prop_dataset,GCS,200,1,66,18391952
../prop_dataset,GCS,200,2,58,18535824
../prop_dataset,GCS,200,3,69,18988112
../prop_dataset,GCS,200,4,60,18904656
../prop_dataset,GCS,300,0,92,28934656
../prop_dataset,GCS,300,1,91,28821088
../prop_dataset,GCS,300,2,85,27029600
../prop_dataset,GCS,300,3,103,26356896
../prop_dataset,GCS,300,4,105,28676880
../prop_dataset,GCS,400,0,129,36596000
../prop_dataset,GCS,400,1,120,37397024
../prop_dataset,GCS,400,2,128,37079056
../prop_dataset,GCS,400,3,117,37044384
../prop_dataset,GCS,400,4,119,37656448
../prop_dataset,GCS,500,0,156,47061296
../prop_dataset,GCS,500,1,147,46041376
../prop_dataset,GCS,500,2,157,46879440
../prop_dataset,GCS,500,3,151,47112736
../prop_dataset,GCS,500,4,145,45547312
../prop_dataset,GCS,600,0,182,56341152
../prop_dataset,GCS,600,1,175,54654208
../prop_dataset,GCS,600,2,188,56569680
../prop_dataset,GCS,600,3,179,55977936
../prop_dataset,GCS,600,4,178,56278368
../prop_dataset,GCS,700,0,213,66766800
../prop_dataset,GCS,700,1,208,66098640
../prop_dataset,GCS,700,2,204,64934592
../prop_dataset,GCS,700,3,205,65513536
../prop_dataset,GCS,700,4,212,65663440
../prop_dataset,GCS,800,0,241,74601552
../prop_dataset,GCS,800,1,234,72876656
../prop_dataset,GCS,800,2,248,75519136
../prop_dataset,GCS,800,3,244,74916016
../prop_dataset,GCS,800,4,242,73513952
../prop_dataset,GCS,900,0,281,84754672
../prop_dataset,GCS,900,1,273,84484320
../prop_dataset,GCS,900,2,268,84427072
../prop_dataset,GCS,900,3,266,83926304
../prop_dataset,GCS,900,4,275,85337648
../prop_dataset,GCS,1000,0,320,92999008
../prop_dataset,GCS,1000,1,301,92909728
../prop_dataset,GCS,1000,2,311,94971984
../prop_dataset,GCS,1000,3,302,93633488
../prop_dataset,GCS,1000,4,300,92669264
../prop_dataset,GCNS,100,0,590,9566608
../prop_dataset,GCNS,100,1,62,9516464
../prop_dataset,GCNS,100,2,53,8995744
../prop_dataset,GCNS,100,3,56,9392336
../prop_dataset,GCNS,100,4,48,9510624
../prop_dataset,GCNS,200,0,83,17855632
../prop_dataset,GCNS,200,1,88,18391952
../prop_dataset,GCNS,200,2,83,18535824
../prop_dataset,GCNS,200,3,82,18988112
../prop_dataset,GCNS,200,4,85,18904656
../prop_dataset,GCNS,300,0,114,28934656
../prop_dataset,GCNS,300,1,123,28821088
../prop_dataset,GCNS,300,2,112,27029600
../prop_dataset,GCNS,300,3,108,26356896
../prop_dataset,GCNS,300,4,116,28676880
../prop_dataset,GCNS,400,0,144,36596000
../prop_dataset,GCNS,400,1,145,37397024
../prop_dataset,GCNS,400,2,156,37079056
../prop_dataset,GCNS,400,3,153,37044384
../prop_dataset,GCNS,400,4,147,37656448
../prop_dataset,GCNS,500,0,173,47061296
../prop_dataset,GCNS,500,1,192,46041376
../prop_dataset,GCNS,500,2,175,46879440
../prop_dataset,GCNS,500,3,175,47112736
../prop_dataset,GCNS,500,4,169,45547312
../prop_dataset,GCNS,600,0,211,56341152
../prop_dataset,GCNS,600,1,204,54654208
../prop_dataset,GCNS,600,2,195,56569680
../prop_dataset,GCNS,600,3,206,55977936
../prop_dataset,GCNS,600,4,231,56278368
../prop_dataset,GCNS,700,0,244,66766800
../prop_dataset,GCNS,700,1,240,66098640
../prop_dataset,GCNS,700,2,235,64934592
../prop_dataset,GCNS,700,3,226,65513536
../prop_dataset,GCNS,700,4,252,65663440
../prop_dataset,GCNS,800,0,268,74601552
../prop_dataset,GCNS,800,1,257,72876656
../prop_dataset,GCNS,800,2,272,75519136
../prop_dataset,GCNS,800,3,275,74916016
../prop_dataset,GCNS,800,4,265,73513952
../prop_dataset,GCNS,900,0,317,84754672
../prop_dataset,GCNS,900,1,305,84484320
../prop_dataset,GCNS,900,2,300,84427072
../prop_dataset,GCNS,900,3,301,83926304
../prop_dataset,GCNS,900,4,319,85337648
../prop_dataset,GCNS,1000,0,338,92999008
../prop_dataset,GCNS,1000,1,333,92909728
../prop_dataset,GCNS,1000,2,323,94971984
../prop_dataset,GCNS,1000,3,334,93633488
../prop_dataset,GCNS,1000,4,331,92669264
../prop_dataset,GNC,100,0,240,9566608
../prop_dataset,GNC,100,1,88,9516464
../prop_dataset,GNC,100,2,81,8995744
../prop_dataset,GNC,100,3,87,9392336
../prop_dataset,GNC,100,4,80,9510624
../prop_dataset,GNC,200,0,155,17855632
../prop_dataset,GNC,200,1,142,18391952
../prop_dataset,GNC,200,2,139,18535824
../prop_dataset,GNC,200,3,141,18988112
../prop_dataset,GNC,200,4,136,18904656
../prop_dataset,GNC,300,0,208,28934656
../prop_dataset,GNC,300,1,204,28821088
../prop_dataset,GNC,300,2,209,27029600
../prop_dataset,GNC,300,3,198,26356896
../prop_dataset,GNC,300,4,212,28676880
../prop_dataset,GNC,400,0,265,36596000
../prop_dataset,GNC,400,1,262,37397024
../prop_dataset,GNC,400,2,280,37079056
../prop_dataset,GNC,400,3,258,37044384
../prop_dataset,GNC,400,4,268,37656448
../prop_dataset,GNC,500,0,325,47061296
../prop_dataset,GNC,500,1,334,46041376
../prop_dataset,GNC,500,2,325,46879440
../prop_dataset,GNC,500,3,323,47112736
../prop_dataset,GNC,500,4,319,45547312
../prop_dataset,GNC,600,0,383,56341152
../prop_dataset,GNC,600,1,376,54654208
../prop_dataset,GNC,600,2,397,56569680
../prop_dataset,GNC,600,3,395,55977936
../prop_dataset,GNC,600,4,384,56278368
../prop_dataset,GNC,700,0,446,66766800
../prop_dataset,GNC,700,1,445,66098640
../prop_dataset,GNC,700,2,449,64934592
../prop_dataset,GNC,700,3,467,65513536
../prop_dataset,GNC,700,4,452,65663440
../prop_dataset,GNC,800,0,505,74601552
../prop_dataset,GNC,800,1,501,72876656
../prop_dataset,GNC,800,2,496,75519136
../prop_dataset,GNC,800,3,503,74916016
../prop_dataset,GNC,800,4,506,73513952
../prop_dataset,GNC,900,0,565,84754672
../prop_dataset,GNC,900,1,579,84484320
../prop_dataset,GNC,900,2,566,84427072
../prop_dataset,GNC,900,3,564,83926304
../prop_dataset,GNC,900,4,566,85337648
../prop_dataset,GNC,1000,0,688,92999008
../prop_dataset,GNC,1000,1,623,92909728
../prop_dataset,GNC,1000,2,635,94971984
../prop_dataset,GNC,1000,3,654,93633488
../prop_dataset,GNC,1000,4,625,92669264
../prop_dataset,CNC,100,0,507,9566608
../prop_dataset,CNC,100,1,552,9516464
../prop_dataset,CNC,100,2,474,8995744
../prop_dataset,CNC,100,3,624,9392336
../prop_dataset,CNC,100,4,547,9510624
../prop_dataset,CNC,200,0,920,17855632
../prop_dataset,CNC,200,1,981,18391952
../prop_dataset,CNC,200,2,1004,18535824
../prop_dataset,CNC,200,3,1014,18988112
../prop_dataset,CNC,200,4,1010,18904656
../prop_dataset,CNC,300,0,1484,28934656
../prop_dataset,CNC,300,1,1578,28821088
../prop_dataset,CNC,300,2,1455,27029600
../prop_dataset,CNC,300,3,1394,26356896
../prop_dataset,CNC,300,4,1468,28676880
../prop_dataset,CNC,400,0,1957,36596000
../prop_dataset,CNC,400,1,1945,37397024
../prop_dataset,CNC,400,2,1911,37079056
../prop_dataset,CNC,400,3,1996,37044384
../prop_dataset,CNC,400,4,1959,37656448
../prop_dataset,CNC,500,0,2411,47061296
../prop_dataset,CNC,500,1,2417,46041376
../prop_dataset,CNC,500,2,2401,46879440
../prop_dataset,CNC,500,3,2497,47112736
../prop_dataset,CNC,500,4,2370,45547312
../prop_dataset,CNC,600,0,2948,56341152
../prop_dataset,CNC,600,1,2831,54654208
../prop_dataset,CNC,600,2,2926,56569680
../prop_dataset,CNC,600,3,2892,55977936
../prop_dataset,CNC,600,4,2925,56278368
../prop_dataset,CNC,700,0,3439,66766800
../prop_dataset,CNC,700,1,3418,66098640
../prop_dataset,CNC,700,2,3386,64934592
../prop_dataset,CNC,700,3,3335,65513536
../prop_dataset,CNC,700,4,3414,65663440
../prop_dataset,CNC,800,0,3829,74601552
../prop_dataset,CNC,800,1,3731,72876656
../prop_dataset,CNC,800,2,3930,75519136
../prop_dataset,CNC,800,3,3900,74916016
../prop_dataset,CNC,800,4,3864,73513952
../prop_dataset,CNC,900,0,4303,84754672
../prop_dataset,CNC,900,1,5064,84484320
../prop_dataset,CNC,900,2,4635,84427072
../prop_dataset,CNC,900,3,4137,83926304
../prop_dataset,CNC,900,4,4393,85337648
../prop_dataset,CNC,1000,0,4706,92999008
../prop_dataset,CNC,1000,1,4781,92909728
../prop_dataset,CNC,1000,2,4944,94971984
../prop_dataset,CNC,1000,3,4842,93633488
../prop_dataset,CNC,1000,4,4659,92669264
../prop_dataset,GCS,100,0,558
../prop_dataset,GCS,100,1,518
../prop_dataset,GCS,100,2,532
../prop_dataset,GCS,100,3,534
../prop_dataset,GCS,100,4,534
../prop_dataset,GCS,200,0,1010
../prop_dataset,GCS,200,1,1111
../prop_dataset,GCS,200,2,1066
../prop_dataset,GCS,200,3,1048
../prop_dataset,GCS,200,4,1091
../prop_dataset,GCS,300,0,1640
../prop_dataset,GCS,300,1,1615
../prop_dataset,GCS,300,2,1611
../prop_dataset,GCS,300,3,1572
../prop_dataset,GCS,300,4,1597
../prop_dataset,GCS,400,0,2164
../prop_dataset,GCS,400,1,2151
../prop_dataset,GCS,400,2,2137
../prop_dataset,GCS,400,3,2147
../prop_dataset,GCS,400,4,2094
../prop_dataset,GCS,500,0,2647
../prop_dataset,GCS,500,1,2597
../prop_dataset,GCS,500,2,2679
../prop_dataset,GCS,500,3,2662
../prop_dataset,GCS,500,4,2593
../prop_dataset,GCS,600,0,3279
../prop_dataset,GCS,600,1,3158
../prop_dataset,GCS,600,2,3254
../prop_dataset,GCS,600,3,3234
../prop_dataset,GCS,600,4,3290
../prop_dataset,GCS,700,0,3832
../prop_dataset,GCS,700,1,3850
../prop_dataset,GCS,700,2,3777
../prop_dataset,GCS,700,3,3760
../prop_dataset,GCS,700,4,3852
../prop_dataset,GCS,800,0,4306
../prop_dataset,GCS,800,1,4404
../prop_dataset,GCS,800,2,4266
../prop_dataset,GCS,800,3,4307
../prop_dataset,GCS,800,4,4409
../prop_dataset,GCS,900,0,4892
../prop_dataset,GCS,900,1,4762
../prop_dataset,GCS,900,2,4743
../prop_dataset,GCS,900,3,4964
../prop_dataset,GCS,900,4,4978
../prop_dataset,GCS,1000,0,5305
../prop_dataset,GCS,1000,1,5463
../prop_dataset,GCS,1000,2,5384
../prop_dataset,GCS,1000,3,5442
../prop_dataset,GCS,1000,4,5518
../prop_dataset,CCNS,100,0,160,9763664
../prop_dataset,CCNS,100,1,151,9118784
../prop_dataset,CCNS,100,2,149,9366928
../prop_dataset,CCNS,100,3,151,9390288
../prop_dataset,CCNS,100,4,165,9394544
../prop_dataset,CCNS,200,0,289,17728784
../prop_dataset,CCNS,200,1,304,18586048
../prop_dataset,CCNS,200,2,295,18721616
../prop_dataset,CCNS,200,3,299,18414672
../prop_dataset,CCNS,200,4,308,19171696
../prop_dataset,CCNS,300,0,456,28076384
../prop_dataset,CCNS,300,1,445,28384848
../prop_dataset,CCNS,300,2,474,28271152
../prop_dataset,CCNS,300,3,437,27532880
../prop_dataset,CCNS,300,4,441,27962144
../prop_dataset,CCNS,400,0,601,37982832
../prop_dataset,CCNS,400,1,567,36478704
../prop_dataset,CCNS,400,2,602,37514384
../prop_dataset,CCNS,400,3,602,37270896
../prop_dataset,CCNS,400,4,602,36851328
../prop_dataset,CCNS,500,0,758,47157232
../prop_dataset,CCNS,500,1,722,46198784
../prop_dataset,CCNS,500,2,722,46328160
../prop_dataset,CCNS,500,3,758,46871984
../prop_dataset,CCNS,500,4,696,44810624
../prop_dataset,CCNS,600,0,889,56651840
../prop_dataset,CCNS,600,1,880,54602624
../prop_dataset,CCNS,600,2,904,56296976
../prop_dataset,CCNS,600,3,868,55686992
../prop_dataset,CCNS,600,4,911,56858256
../prop_dataset,CCNS,700,0,1042,66049712
../prop_dataset,CCNS,700,1,1013,65778000
../prop_dataset,CCNS,700,2,1011,64995104
../prop_dataset,CCNS,700,3,1024,65005824
../prop_dataset,CCNS,700,4,1011,64871648
../prop_dataset,CCNS,800,0,1155,74385152
../prop_dataset,CCNS,800,1,1162,75239648
../prop_dataset,CCNS,800,2,1145,73666976
../prop_dataset,CCNS,800,3,1166,74090688
../prop_dataset,CCNS,800,4,1133,73567984
../prop_dataset,CCNS,900,0,1292,82774224
../prop_dataset,CCNS,900,1,1264,82355520
../prop_dataset,CCNS,900,2,1283,82258752
../prop_dataset,CCNS,900,3,1321,85061232
../prop_dataset,CCNS,900,4,1341,86086432
../prop_dataset,CCNS,1000,0,1444,90835280
../prop_dataset,CCNS,1000,1,1422,91636848
../prop_dataset,CCNS,1000,2,1461,91839424
../prop_dataset,CCNS,1000,3,1441,93051584
../prop_dataset,CCNS,1000,4,1499,94866432
../prop_dataset,GNC,100,0,229,9763664
../prop_dataset,GNC,100,1,5,9118784
../prop_dataset,GNC,100,2,5,9366928
../prop_dataset,GNC,100,3,8,9390288
../prop_dataset,GNC,100,4,4,9394544
../prop_dataset,GNC,200,0,16,17728784
../prop_dataset,GNC,200,1,17,18586048
../prop_dataset,GNC,200,2,17,18721616
../prop_dataset,GNC,200,3,16,18414672
../prop_dataset,GNC,200,4,15,19171696
../prop_dataset,GNC,300,0,25,28076384
../prop_dataset,GNC,300,1,25,28384848
../prop_dataset,GNC,300,2,25,28271152
../prop_dataset,GNC,300,3,24,27532880
../prop_dataset,GNC,300,4,22,27962144
../prop_dataset,GNC,400,0,32,37982832
../prop_dataset,GNC,400,1,33,36478704
../prop_dataset,GNC,400,2,33,37514384
../prop_dataset,GNC,400,3,33,37270896
../prop_dataset,GNC,400,4,33,36851328
../prop_dataset,GNC,500,0,39,47157232
../prop_dataset,GNC,500,1,39,46198784
../prop_dataset,GNC,500,2,40,46328160
../prop_dataset,GNC,500,3,40,46871984
../prop_dataset,GNC,500,4,38,44810624
../prop_dataset,GNC,600,0,48,56651840
../prop_dataset,GNC,600,1,46,54602624
../prop_dataset,GNC,600,2,46,56296976
../prop_dataset,GNC,600,3,47,55686992
../prop_dataset,GNC,600,4,47,56858256
../prop_dataset,GNC,700,0,53,66049712
../prop_dataset,GNC,700,1,54,65778000
../prop_dataset,GNC,700,2,53,64995104
../prop_dataset,GNC,700,3,52,65005824
../prop_dataset,GNC,700,4,54,64871648
../prop_dataset,GNC,800,0,62,74385152
../prop_dataset,GNC,800,1,61,75239648
../prop_dataset,GNC,800,2,60,73666976
../prop_dataset,GNC,800,3,59,74090688
../prop_dataset,GNC,800,4,59,73567984
../prop_dataset,GNC,900,0,67,82774224
../prop_dataset,GNC,900,1,67,82355520
../prop_dataset,GNC,900,2,67,82258752
../prop_dataset,GNC,900,3,68,85061232
../prop_dataset,GNC,900,4,69,86086432
../prop_dataset,GNC,1000,0,72,90835280
../prop_dataset,GNC,1000,1,74,91636848
../prop_dataset,GNC,1000,2,73,91839424
../prop_dataset,GNC,1000,3,75,93051584
../prop_dataset,GNC,1000,4,103,94866432
../prop_dataset,GCS,100,0,85,9763664
../prop_dataset,GCS,100,1,14,9118784
../prop_dataset,GCS,100,2,15,9366928
../prop_dataset,GCS,100,3,15,9390288
../prop_dataset,GCS,100,4,15,9394544
../prop_dataset,GCS,200,0,22,17728784
../prop_dataset,GCS,200,1,63,18586048
../prop_dataset,GCS,200,2,23,18721616
../prop_dataset,GCS,200,3,23,18414672
../prop_dataset,GCS,200,4,24,19171696
../prop_dataset,GCS,300,0,35,28076384
../prop_dataset,GCS,300,1,35,28384848
../prop_dataset,GCS,300,2,35,28271152
../prop_dataset,GCS,300,3,38,27532880
../prop_dataset,GCS,300,4,35,27962144
../prop_dataset,GCS,400,0,47,37982832
../prop_dataset,GCS,400,1,45,36478704
../prop_dataset,GCS,400,2,46,37514384
../prop_dataset,GCS,400,3,47,37270896
../prop_dataset,GCS,400,4,46,36851328
../prop_dataset,GCS,500,0,58,47157232
../prop_dataset,GCS,500,1,64,46198784
../prop_dataset,GCS,500,2,58,46328160
../prop_dataset,GCS,500,3,58,46871984
../prop_dataset,GCS,500,4,56,44810624
../prop_dataset,GCS,600,0,70,56651840
../prop_dataset,GCS,600,1,68,54602624
../prop_dataset,GCS,600,2,70,56296976
../prop_dataset,GCS,600,3,69,55686992
../prop_dataset,GCS,600,4,71,56858256
../prop_dataset,GCS,700,0,83,66049712
../prop_dataset,GCS,700,1,82,65778000
../prop_dataset,GCS,700,2,81,64995104
../prop_dataset,GCS,700,3,82,65005824
../prop_dataset,GCS,700,4,81,64871648
../prop_dataset,GCS,800,0,93,74385152
../prop_dataset,GCS,800,1,95,75239648
../prop_dataset,GCS,800,2,92,73666976
../prop_dataset,GCS,800,3,92,74090688
../prop_dataset,GCS,800,4,94,73567984
../prop_dataset,GCS,900,0,103,82774224
../prop_dataset,GCS,900,1,103,82355520
../prop_dataset,GCS,900,2,103,82258752
../prop_dataset,GCS,900,3,108,85061232
../prop_dataset,GCS,900,4,108,86086432
../prop_dataset,GCS,1000,0,115,90835280
../prop_dataset,GCS,1000,1,115,91636848
../prop_dataset,GCS,1000,2,115,91839424
../prop_dataset,GCS,1000,3,116,93051584
../prop_dataset,GCS,1000,4,119,94866432
../prop_dataset,GCS,100,0,569
../prop_dataset,GCS,100,1,537
../prop_dataset,GCS,100,2,545
../prop_dataset,GCS,100,3,547
../prop_dataset,GCS,100,4,562
../prop_dataset,GCS,200,0,1044
../prop_dataset,GCS,200,1,1103
../prop_dataset,GCS,200,2,1109
../prop_dataset,GCS,200,3,1074
../prop_dataset,GCS,200,4,1117
../prop_dataset,GCS,300,0,1679
../prop_dataset,GCS,300,1,1671
../prop_dataset,GCS,300,2,1672
../prop_dataset,GCS,300,3,1628
../prop_dataset,GCS,300,4,1631
../prop_dataset,GCS,400,0,2213
../prop_dataset,GCS,400,1,2139
../prop_dataset,GCS,400,2,2195
../prop_dataset,GCS,400,3,2183
../prop_dataset,GCS,400,4,2153
../prop_dataset,GCS,500,0,6351
../prop_dataset,GCS,500,1,2695
../prop_dataset,GCS,500,2,2710
../prop_dataset,GCS,500,3,2732
../prop_dataset,GCS,500,4,2621
../prop_dataset,GCS,600,0,3309
../prop_dataset,GCS,600,1,3202
../prop_dataset,GCS,600,2,3328
../prop_dataset,GCS,600,3,3275
../prop_dataset,GCS,600,4,3348
../prop_dataset,GCS,700,0,7592
../prop_dataset,GCS,700,1,3889
../prop_dataset,GCS,700,2,3840
../prop_dataset,GCS,700,3,3868
../prop_dataset,GCS,700,4,3797
../prop_dataset,GCS,800,0,4403
../prop_dataset,GCS,800,1,4393
../prop_dataset,GCS,800,2,4314
../prop_dataset,GCS,800,3,8845
../prop_dataset,GCS,800,4,4307
../prop_dataset,GCS,900,0,4821
../prop_dataset,GCS,900,1,4809
../prop_dataset,GCS,900,2,4816
../prop_dataset,GCS,900,3,4975
../prop_dataset,GCS,900,4,9395
../prop_dataset,GCS,1000,0,5284
../prop_dataset,GCS,1000,1,5346
../prop_dataset,GCS,1000,2,5344
../prop_dataset,GCS,1000,3,5401
../prop_dataset,GCS,1000,4,5539
../prop_dataset,GCS,100,0,71
../prop_dataset,GCS,100,1,62
../prop_dataset,GCS,100,2,63
../prop_dataset,GCS,100,3,63
../prop_dataset,GCS,100,4,62
../prop_dataset,GCS,200,0,120
../prop_dataset,GCS,200,1,118
../prop_dataset,GCS,200,2,120
../prop_dataset,GCS,200,3,434
../prop_dataset,GCS,200,4,124
../prop_dataset,GCS,300,0,175
../prop_dataset,GCS,300,1,187
../prop_dataset,GCS,300,2,248
../prop_dataset,GCS,300,3,259
../prop_dataset,GCS,300,4,207
../prop_dataset,GCS,400,0,351
../prop_dataset,GCS,400,1,236
../prop_dataset,GCS,400,2,323
../prop_dataset,GCS,400,3,313
../prop_dataset,GCS,400,4,239
../prop_dataset,GCS,500,0,492
../prop_dataset,GCS,500,1,294
../prop_dataset,GCS,500,2,364
../prop_dataset,GCS,500,3,428
../prop_dataset,GCS,500,4,363
../prop_dataset,GCS,600,0,665
../prop_dataset,GCS,600,1,353
../prop_dataset,GCS,600,2,364
../prop_dataset,GCS,600,3,535
../prop_dataset,GCS,600,4,390
../prop_dataset,GCS,700,0,572
../prop_dataset,GCS,700,1,528
../prop_dataset,GCS,700,2,504
../prop_dataset,GCS,700,3,530
../prop_dataset,GCS,700,4,563
../prop_dataset,GCS,800,0,740
../prop_dataset,GCS,800,1,502
../prop_dataset,GCS,800,2,732
../prop_dataset,GCS,800,3,502
../prop_dataset,GCS,800,4,610
../prop_dataset,GCS,900,0,812
../prop_dataset,GCS,900,1,685
../prop_dataset,GCS,900,2,934
../prop_dataset,GCS,900,3,578
../prop_dataset,GCS,900,4,801
../prop_dataset,GCS,1000,0,875
../prop_dataset,GCS,1000,1,886
../prop_dataset,GCS,1000,2,776
../prop_dataset,GCS,1000,3,984
../prop_dataset,GCS,1000,4,1016
../prop_dataset,GCS,100,0,171
../prop_dataset,GCS,100,1,155
../prop_dataset,GCS,100,2,156
../prop_dataset,GCS,100,3,157
../prop_dataset,GCS,100,4,158
../prop_dataset,GCS,200,0,299
../prop_dataset,GCS,200,1,310
../prop_dataset,GCS,200,2,320
../prop_dataset,GCS,200,3,311
../prop_dataset,GCS,200,4,323
../prop_dataset,GCS,300,0,508
../prop_dataset,GCS,300,1,499
../prop_dataset,GCS,300,2,478
../prop_dataset,GCS,300,3,461
../prop_dataset,GCS,300,4,468
../prop_dataset,GCS,400,0,675
../prop_dataset,GCS,400,1,621
../prop_dataset,GCS,400,2,650
../prop_dataset,GCS,400,3,641
../prop_dataset,GCS,400,4,662
../prop_dataset,GCS,500,0,803
../prop_dataset,GCS,500,1,802
../prop_dataset,GCS,500,2,775
../prop_dataset,GCS,500,3,796
../prop_dataset,GCS,500,4,784
../prop_dataset,GCS,600,0,954
../prop_dataset,GCS,600,1,930
../prop_dataset,GCS,600,2,1014
../prop_dataset,GCS,600,3,935
../prop_dataset,GCS,600,4,950
../prop_dataset,GCS,700,0,1115
../prop_dataset,GCS,700,1,1094
../prop_dataset,GCS,700,2,1128
../prop_dataset,GCS,700,3,1080
../prop_dataset,GCS,700,4,1088
../prop_dataset,GCS,800,0,1249
../prop_dataset,GCS,800,1,1294
../prop_dataset,GCS,800,2,1237
../prop_dataset,GCS,800,3,1259
../prop_dataset,GCS,800,4,1232
../prop_dataset,GCS,900,0,1425
../prop_dataset,GCS,900,1,1363
../prop_dataset,GCS,900,2,1364
../prop_dataset,GCS,900,3,1457
../prop_dataset,GCS,900,4,1488
../prop_dataset,GCS,1000,0,1510
../prop_dataset,GCS,1000,1,1535
../prop_dataset,GCS,1000,2,1595
../prop_dataset,GCS,1000,3,1551
../prop_dataset,GCS,1000,4,1594
../prop_dataset,GCS,100,0,81
../prop_dataset,GCS,100,1,70
../prop_dataset,GCS,100,2,74
../prop_dataset,GCS,100,3,72
../prop_dataset,GCS,100,4,70
../prop_dataset,GCS,200,0,134
../prop_dataset,GCS,200,1,141
../prop_dataset,GCS,200,2,172
../prop_dataset,GCS,200,3,188
../prop_dataset,GCS,200,4,144
../prop_dataset,GCS,300,0,213
../prop_dataset,GCS,300,1,226
../prop_dataset,GCS,300,2,237
../prop_dataset,GCS,300,3,313
../prop_dataset,GCS,300,4,210
../prop_dataset,GCS,400,0,395
../prop_dataset,GCS,400,1,315
../prop_dataset,GCS,400,2,273
../prop_dataset,GCS,400,3,285
../prop_dataset,GCS,400,4,337
../prop_dataset,GCS,500,0,399
../prop_dataset,GCS,500,1,341
../prop_dataset,GCS,500,2,450
../prop_dataset,GCS,500,3,393
../prop_dataset,GCS,500,4,376
../prop_dataset,GCS,600,0,500
../prop_dataset,GCS,600,1,481
../prop_dataset,GCS,600,2,632
../prop_dataset,GCS,600,3,415
../prop_dataset,GCS,600,4,524
../prop_dataset,GCS,700,0,495
../prop_dataset,GCS,700,1,598
../prop_dataset,GCS,700,2,589
../prop_dataset,GCS,700,3,595
../prop_dataset,GCS,700,4,607
../prop_dataset,GCS,800,0,551
../prop_dataset,GCS,800,1,755
../prop_dataset,GCS,800,2,631
../prop_dataset,GCS,800,3,537
../prop_dataset,GCS,800,4,621
../prop_dataset,GCS,900,0,706
../prop_dataset,GCS,900,1,652
../prop_dataset,GCS,900,2,744
../prop_dataset,GCS,900,3,802
../prop_dataset,GCS,900,4,690
../prop_dataset,GCS,1000,0,794
../prop_dataset,GCS,1000,1,728
../prop_dataset,GCS,1000,2,846
../prop_dataset,GCS,1000,3,796
../prop_dataset,GCS,1000,4,733
../prop_dataset,GCS,100,0,420
../prop_dataset,GCS,100,1,351
../prop_dataset,GCS,100,2,368
../prop_dataset,GCS,100,3,426
../prop_dataset,GCS,100,4,394
../prop_dataset,GCS,200,0,820
../prop_dataset,GCS,200,1,817
../prop_dataset,GCS,200,2,778
../prop_dataset,GCS,200,3,733
../prop_dataset,GCS,200,4,813
../prop_dataset,GCS,300,0,1166
../prop_dataset,GCS,300,1,1252
../prop_dataset,GCS,300,2,1250
../prop_dataset,GCS,300,3,1103
../prop_dataset,GCS,100,0,285
../prop_dataset,GCS,100,1,271
../prop_dataset,GCS,100,2,326
../prop_dataset,GCS,100,3,335
../prop_dataset,GCS,100,4,329
../prop_dataset,GCS,200,0,582
../prop_dataset,GCS,200,1,609
../prop_dataset,GCS,200,2,554
../prop_dataset,GCS,100,0,567
../prop_dataset,GCS,100,1,510
../prop_dataset,GCS,100,2,529
../prop_dataset,GCS,100,3,525
../prop_dataset,GCS,100,4,542
../prop_dataset,GCS,200,0,993
../prop_dataset,GCS,200,1,1061
../prop_dataset,GCS,200,2,1045
../prop_dataset,GCS,100,0,77
../prop_dataset,GCS,100,1,67
../prop_dataset,GCS,100,2,83
../prop_dataset,GCS,100,3,68
../prop_dataset,GCS,100,4,71
../prop_dataset,GCS,200,0,140
../prop_dataset,GCS,200,1,138
../prop_dataset,GCS,200,2,156
../prop_dataset,GCS,200,3,181
../prop_dataset,GCS,200,4,136
../prop_dataset,GCS,300,0,203
../prop_dataset,GCS,300,1,192
../prop_dataset,GCS,300,2,213
../prop_dataset,GCS,300,3,249
../prop_dataset,GCS,300,4,235
../prop_dataset,GCS,400,0,269
../prop_dataset,GCS,400,1,494
../prop_dataset,GCS,400,2,308
../prop_dataset,GCS,400,3,307
../prop_dataset,GCS,400,4,292
../prop_dataset,GCS,500,0,376
../prop_dataset,GCS,500,1,355
../prop_dataset,GCS,500,2,323
../prop_dataset,GCS,500,3,346
../prop_dataset,GCS,500,4,415
../prop_dataset,GCS,600,0,397
../prop_dataset,GCS,600,1,506
../prop_dataset,GCS,600,2,420
../prop_dataset,GCS,600,3,432
../prop_dataset,GCS,600,4,704
../prop_dataset,GCS,700,0,614
../prop_dataset,GCS,700,1,681
../prop_dataset,GCS,700,2,465
../prop_dataset,GCS,700,3,994
../prop_dataset,GCS,700,4,594
../prop_dataset,GCS,800,0,486
../prop_dataset,GCS,800,1,622
../prop_dataset,GCS,800,2,605
../prop_dataset,GCS,800,3,640
../prop_dataset,GCS,800,4,693
../prop_dataset,GCS,900,0,666
../prop_dataset,GCS,900,1,679
../prop_dataset,GCS,900,2,943
../prop_dataset,GCS,900,3,655
../prop_dataset,GCS,900,4,553
../prop_dataset,GCS,1000,0,761
../prop_dataset,GCS,1000,1,785
../prop_dataset,GCS,1000,2,695
../prop_dataset,GCS,1000,3,1104
../prop_dataset,GCS,1000,4,603
../prop_dataset,GCS,100,0,123
../prop_dataset,GCS,100,1,68
../prop_dataset,GCS,100,2,77
../prop_dataset,GCS,100,3,68
../prop_dataset,GCS,100,4,68
../prop_dataset,GCS,200,0,130
../prop_dataset,GCS,200,1,135
../prop_dataset,GCS,200,2,140
../prop_dataset,GCS,200,3,129
../prop_dataset,GCS,200,4,151
../prop_dataset,GCS,300,0,249
../prop_dataset,GCS,300,1,196
../prop_dataset,GCS,300,2,193
../prop_dataset,GCS,300,3,529
../prop_dataset,GCS,300,4,197
../prop_dataset,GCS,400,0,248
../prop_dataset,GCS,400,1,245
../prop_dataset,GCS,400,2,257
../prop_dataset,GCS,400,3,330
../prop_dataset,GCS,400,4,244
../prop_dataset,GCS,500,0,345
../prop_dataset,GCS,500,1,352
../prop_dataset,GCS,500,2,441
../prop_dataset,GCS,500,3,385
../prop_dataset,GCS,500,4,417
../prop_dataset,GCS,600,0,419
../prop_dataset,GCS,600,1,489
../prop_dataset,GCS,600,2,686
../prop_dataset,GCS,600,3,394
../prop_dataset,GCS,600,4,388
../prop_dataset,GCS,700,0,496
../prop_dataset,GCS,700,1,538
../prop_dataset,GCS,700,2,586
../prop_dataset,GCS,700,3,488
../prop_dataset,GCS,700,4,587
../prop_dataset,GCS,800,0,601
../prop_dataset,GCS,800,1,855
../prop_dataset,GCS,800,2,497
../prop_dataset,GCS,800,3,559
../prop_dataset,GCS,800,4,575
../prop_dataset,GCS,900,0,740
../prop_dataset,GCS,900,1,679
../prop_dataset,GCS,900,2,644
../prop_dataset,GCS,900,3,680
../prop_dataset,GCS,900,4,899
../prop_dataset,GCS,1000,0,629
../prop_dataset,GCS,1000,1,678
../prop_dataset,GCS,1000,2,847
../prop_dataset,GCS,1000,3,762
../prop_dataset,GCS,1000,4,723
../prop_dataset,CNC,100,0,51,9763664
../prop_dataset,CNC,100,1,53,9118784
../prop_dataset,CNC,100,2,63,9366928
../prop_dataset,CNC,100,3,62,9390288
../prop_dataset,CNC,100,4,63,9394544
../prop_dataset,CNC,200,0,118,17728784
../prop_dataset,CNC,200,1,124,18586048
../prop_dataset,CNC,200,2,125,18721616
../prop_dataset,CNC,200,3,124,18414672
../prop_dataset,CNC,200,4,128,19171696
../prop_dataset,CNC,300,0,188,28076384
../prop_dataset,CNC,300,1,191,28384848
../prop_dataset,CNC,300,2,190,28271152
../prop_dataset,CNC,300,3,186,27532880
../prop_dataset,CNC,300,4,192,27962144
../prop_dataset,CNC,400,0,254,37982832
../prop_dataset,CNC,400,1,242,36478704
../prop_dataset,CNC,400,2,250,37514384
../prop_dataset,CNC,400,3,248,37270896
../prop_dataset,CNC,400,4,244,36851328
../prop_dataset,CNC,500,0,314,47157232
../prop_dataset,CNC,500,1,307,46198784
../prop_dataset,CNC,500,2,307,46328160
../prop_dataset,CNC,500,3,312,46871984
../prop_dataset,CNC,500,4,298,44810624
../prop_dataset,CNC,600,0,376,56651840
../prop_dataset,CNC,600,1,363,54602624
../prop_dataset,CNC,600,2,376,56296976
../prop_dataset,CNC,600,3,373,55686992
../prop_dataset,CNC,600,4,379,56858256
../prop_dataset,CNC,700,0,439,66049712
../prop_dataset,CNC,700,1,442,65778000
../prop_dataset,CNC,700,2,434,64995104
../prop_dataset,CNC,700,3,437,65005824
../prop_dataset,CNC,700,4,435,64871648
../prop_dataset,CNC,800,0,501,74385152
../prop_dataset,CNC,800,1,502,75239648
../prop_dataset,CNC,800,2,395,73666976
../prop_dataset,CNC,800,3,365,74090688
../prop_dataset,CNC,800,4,344,73567984
../prop_dataset,CNC,900,0,401,82774224
../prop_dataset,CNC,900,1,389,82355520
../prop_dataset,CNC,900,2,400,82258752
../prop_dataset,CNC,900,3,543,85061232
../prop_dataset,CNC,900,4,569,86086432
../prop_dataset,CNC,1000,0,560,90835280
../prop_dataset,CNC,1000,1,434,91636848
../prop_dataset,CNC,1000,2,541,91839424
../prop_dataset,CNC,1000,3,620,93051584
../prop_dataset,CNC,1000,4,632,94866432
../prop_dataset,CNC,100,0,49,9763664
../prop_dataset,CNC,100,1,48,9118784
../prop_dataset,CNC,100,2,45,9366928
../prop_dataset,CNC,100,3,66,9390288
../prop_dataset,CNC,100,4,64,9394544
../prop_dataset,CNC,200,0,120,17728784
../prop_dataset,CNC,200,1,126,18586048
../prop_dataset,CNC,200,2,123,18721616
../prop_dataset,CNC,200,3,122,18414672
../prop_dataset,CNC,200,4,127,19171696
../prop_dataset,CNC,300,0,157,28076384
../prop_dataset,CNC,300,1,188,28384848
../prop_dataset,CNC,300,2,187,28271152
../prop_dataset,CNC,300,3,183,27532880
../prop_dataset,CNC,300,4,185,27962144
../prop_dataset,CNC,400,0,251,37982832
../prop_dataset,CNC,400,1,242,36478704
../prop_dataset,CNC,400,2,236,37514384
../prop_dataset,CNC,400,3,174,37270896
../prop_dataset,CNC,400,4,193,36851328
../prop_dataset,CNC,500,0,215,47157232
../prop_dataset,CNC,500,1,208,46198784
../prop_dataset,CNC,500,2,232,46328160
../prop_dataset,CNC,500,3,247,46871984
../prop_dataset,CNC,500,4,301,44810624
../prop_dataset,CNC,600,0,270,56651840
../prop_dataset,CNC,600,1,252,54602624
../prop_dataset,CNC,600,2,260,56296976
../prop_dataset,CNC,600,3,255,55686992
../prop_dataset,CNC,600,4,279,56858256
../prop_dataset,CNC,700,0,363,66049712
../prop_dataset,CNC,700,1,344,65778000
../prop_dataset,CNC,700,2,298,64995104
../prop_dataset,CNC,700,3,435,65005824
../prop_dataset,CNC,700,4,428,64871648
../prop_dataset,CNC,800,0,458,74385152
../prop_dataset,CNC,800,1,395,75239648
../prop_dataset,CNC,800,2,355,73666976
../prop_dataset,CNC,800,3,347,74090688
../prop_dataset,CNC,800,4,489,73567984
../prop_dataset,CNC,900,0,368,82774224
../prop_dataset,CNC,900,1,445,82355520
../prop_dataset,CNC,900,2,377,82258752
../prop_dataset,CNC,900,3,407,85061232
../prop_dataset,CNC,900,4,474,86086432
../prop_dataset,CNC,1000,0,415,90835280
../prop_dataset,CNC,1000,1,484,91636848
../prop_dataset,CNC,1000,2,543,91839424
../prop_dataset,CNC,1000,3,582,93051584
../prop_dataset,CNC,1000,4,425,94866432
../prop_dataset,CNC,100,0,51,9763664
../prop_dataset,CNC,100,1,41,9118784
../prop_dataset,CNC,100,2,43,9366928
../prop_dataset,CNC,100,3,43,9390288
../prop_dataset,CNC,100,4,64,9394544
../prop_dataset,CNC,200,0,119,17728784
../prop_dataset,CNC,200,1,123,18586048
../prop_dataset,CNC,200,2,122,18721616
../prop_dataset,CNC,200,3,121,18414672
../prop_dataset,CNC,200,4,126,19171696
../prop_dataset,CNC,300,0,187,28076384
../prop_dataset,CNC,300,1,189,28384848
../prop_dataset,CNC,300,2,189,28271152
../prop_dataset,CNC,300,3,185,27532880
../prop_dataset,CNC,300,4,187,27962144
../prop_dataset,CNC,400,0,252,37982832
../prop_dataset,CNC,400,1,242,36478704
../prop_dataset,CNC,400,2,250,37514384
../prop_dataset,CNC,400,3,249,37270896
../prop_dataset,CNC,400,4,242,36851328
../prop_dataset,CNC,500,0,312,47157232
../prop_dataset,CNC,500,1,303,46198784
../prop_dataset,CNC,500,2,306,46328160
../prop_dataset,CNC,500,3,308,46871984
../prop_dataset,CNC,500,4,296,44810624
../prop_dataset,CNC,600,0,372,56651840
../prop_dataset,CNC,600,1,359,54602624
../prop_dataset,CNC,600,2,373,56296976
../prop_dataset,CNC,600,3,369,55686992
../prop_dataset,CNC,600,4,268,56858256
../prop_dataset,CNC,700,0,294,66049712
../prop_dataset,CNC,700,1,310,65778000
../prop_dataset,CNC,700,2,298,64995104
../prop_dataset,CNC,700,3,300,65005824
../prop_dataset,CNC,700,4,403,64871648
../prop_dataset,CNC,800,0,490,74385152
../prop_dataset,CNC,800,1,372,75239648
../prop_dataset,CNC,800,2,330,73666976
../prop_dataset,CNC,800,3,331,74090688
../prop_dataset,CNC,800,4,327,73567984
../prop_dataset,CNC,900,0,363,82774224
../prop_dataset,CNC,900,1,371,82355520
../prop_dataset,CNC,900,2,399,82258752
../prop_dataset,CNC,900,3,376,85061232
../prop_dataset,CNC,900,4,380,86086432
../prop_dataset,CNC,1000,0,419,90835280
../prop_dataset,CNC,1000,1,537,91636848
../prop_dataset,CNC,1000,2,422,91839424
../prop_dataset,CNC,1000,3,444,93051584
../prop_dataset,CNC,1000,4,422,94866432
../prop_dataset,CCNS,100,0,80,9763664
../prop_dataset,CCNS,100,1,68,9118784
../prop_dataset,CCNS,100,2,66,9366928
../prop_dataset,CCNS,100,3,71,9390288
../prop_dataset,CCNS,100,4,50,9394544
../prop_dataset,CCNS,200,0,110,17728784
../prop_dataset,CCNS,200,1,120,18586048
../prop_dataset,CCNS,200,2,122,18721616
../prop_dataset,CCNS,200,3,123,18414672
../prop_dataset,CCNS,200,4,133,19171696
../prop_dataset,CCNS,300,0,171,28076384
../prop_dataset,CCNS,300,1,191,28384848
../prop_dataset,CCNS,300,2,170,28271152
../prop_dataset,CCNS,300,3,183,27532880
../prop_dataset,CCNS,300,4,181,27962144
../prop_dataset,CCNS,400,0,225,37982832
../prop_dataset,CCNS,400,1,173,36478704
../prop_dataset,CCNS,400,2,189,37514384
../prop_dataset,CCNS,400,3,175,37270896
../prop_dataset,CCNS,400,4,180,36851328
../prop_dataset,CCNS,500,0,307,47157232
../prop_dataset,CCNS,500,1,247,46198784
../prop_dataset,CCNS,500,2,296,46328160
../prop_dataset,CCNS,500,3,286,46871984
../prop_dataset,CCNS,500,4,271,44810624
../prop_dataset,CCNS,600,0,341,56651840
../prop_dataset,CCNS,600,1,256,54602624
../prop_dataset,CCNS,600,2,262,56296976
../prop_dataset,CCNS,600,3,312,55686992
../prop_dataset,CCNS,600,4,270,56858256
../prop_dataset,CCNS,700,0,357,66049712
../prop_dataset,CCNS,700,1,408,65778000
../prop_dataset,CCNS,700,2,324,64995104
../prop_dataset,CCNS,700,3,408,65005824
../prop_dataset,CCNS,700,4,291,64871648
../prop_dataset,CCNS,800,0,417,74385152
../prop_dataset,CCNS,800,1,346,75239648
../prop_dataset,CCNS,800,2,437,73666976
../prop_dataset,CCNS,800,3,461,74090688
../prop_dataset,CCNS,800,4,454,73567984
../prop_dataset,CCNS,900,0,382,82774224
../prop_dataset,CCNS,900,1,384,82355520
../prop_dataset,CCNS,900,2,412,82258752
../prop_dataset,CCNS,900,3,405,85061232
../prop_dataset,CCNS,900,4,484,86086432
../prop_dataset,CCNS,1000,0,425,90835280
../prop_dataset,CCNS,1000,1,520,91636848
../prop_dataset,CCNS,1000,2,551,91839424
../prop_dataset,CCNS,1000,3,481,93051584
../prop_dataset,CCNS,1000,4,466,94866432
../prop_dataset,CCS,100,0,56,9763664
../prop_dataset,CCS,100,1,68,9118784
../prop_dataset,CCS,100,2,70,9366928
../prop_dataset,CCS,100,3,67,9390288
../prop_dataset,CCS,100,4,70,9394544
../prop_dataset,CCS,200,0,128,17728784
../prop_dataset,CCS,200,1,144,18586048
../prop_dataset,CCS,200,2,139,18721616
../prop_dataset,CCS,200,3,138,18414672
../prop_dataset,CCS,200,4,135,19171696
../prop_dataset,CCS,300,0,201,28076384
../prop_dataset,CCS,300,1,198,28384848
../prop_dataset,CCS,300,2,201,28271152
../prop_dataset,CCS,300,3,192,27532880
../prop_dataset,CCS,300,4,145,27962144
../prop_dataset,CCS,400,0,262,37982832
../prop_dataset,CCS,400,1,254,36478704
../prop_dataset,CCS,400,2,187,37514384
../prop_dataset,CCS,400,3,192,37270896
../prop_dataset,CCS,400,4,184,36851328
../prop_dataset,CCS,500,0,315,47157232
../prop_dataset,CCS,500,1,320,46198784
../prop_dataset,CCS,500,2,314,46328160
../prop_dataset,CCS,500,3,297,46871984
../prop_dataset,CCS,500,4,220,44810624
../prop_dataset,CCS,600,0,376,56651840
../prop_dataset,CCS,600,1,359,54602624
../prop_dataset,CCS,600,2,383,56296976
../prop_dataset,CCS,600,3,384,55686992
../prop_dataset,CCS,600,4,297,56858256
../prop_dataset,CCS,700,0,363,66049712
../prop_dataset,CCS,700,1,350,65778000
../prop_dataset,CCS,700,2,322,64995104
../prop_dataset,CCS,700,3,328,65005824
../prop_dataset,CCS,700,4,321,64871648
../prop_dataset,CCS,800,0,365,74385152
../prop_dataset,CCS,800,1,502,75239648
../prop_dataset,CCS,800,2,499,73666976
../prop_dataset,CCS,800,3,497,74090688
../prop_dataset,CCS,800,4,495,73567984
../prop_dataset,CCS,900,0,418,82774224
../prop_dataset,CCS,900,1,402,82355520
../prop_dataset,CCS,900,2,402,82258752
../prop_dataset,CCS,900,3,416,85061232
../prop_dataset,CCS,900,4,428,86086432
../prop_dataset,CCS,1000,0,451,90835280
../prop_dataset,CCS,1000,1,452,91636848
../prop_dataset,CCS,1000,2,468,91839424
../prop_dataset,CCS,1000,3,621,93051584
../prop_dataset,CCS,1000,4,474,94866432
../prop_dataset,GNC,100,0,64,9763664
../prop_dataset,GNC,100,1,7,9118784
../prop_dataset,GNC,100,2,7,9366928
../prop_dataset,GNC,100,3,7,9390288
../prop_dataset,GNC,100,4,10,9394544
../prop_dataset,GNC,200,0,16,17728784
../prop_dataset,GNC,200,1,16,18586048
../prop_dataset,GNC,200,2,15,18721616
../prop_dataset,GNC,200,3,16,18414672
../prop_dataset,GNC,200,4,16,19171696
../prop_dataset,GNC,300,0,26,28076384
../prop_dataset,GNC,300,1,26,28384848
../prop_dataset,GNC,300,2,26,28271152
../prop_dataset,GNC,300,3,25,27532880
../prop_dataset,GNC,300,4,25,27962144
../prop_dataset,GNC,400,0,34,37982832
../prop_dataset,GNC,400,1,32,36478704
../prop_dataset,GNC,400,2,34,37514384
../prop_dataset,GNC,400,3,72,37270896
../prop_dataset,GNC,400,4,32,36851328
../prop_dataset,GNC,500,0,40,47157232
../prop_dataset,GNC,500,1,39,46198784
../prop_dataset,GNC,500,2,40,46328160
../prop_dataset,GNC,500,3,39,46871984
../prop_dataset,GNC,500,4,35,44810624
../prop_dataset,GNC,600,0,49,56651840
../prop_dataset,GNC,600,1,46,54602624
../prop_dataset,GNC,600,2,83,56296976
../prop_dataset,GNC,600,3,48,55686992
../prop_dataset,GNC,600,4,80,56858256
../prop_dataset,GNC,700,0,54,66049712
../prop_dataset,GNC,700,1,54,65778000
../prop_dataset,GNC,700,2,55,64995104
../prop_dataset,GNC,700,3,52,65005824
../prop_dataset,GNC,700,4,56,64871648
../prop_dataset,GNC,800,0,62,74385152
../prop_dataset,GNC,800,1,58,75239648
../prop_dataset,GNC,800,2,106,73666976
../prop_dataset,GNC,800,3,58,74090688
../prop_dataset,GNC,800,4,61,73567984
../prop_dataset,GNC,900,0,68,82774224
../prop_dataset,GNC,900,1,65,82355520
../prop_dataset,GNC,900,2,68,82258752
../prop_dataset,GNC,900,3,68,85061232
../prop_dataset,GNC,900,4,66,86086432
../prop_dataset,GNC,1000,0,73,90835280
../prop_dataset,GNC,1000,1,74,91636848
../prop_dataset,GNC,1000,2,72,91839424
../prop_dataset,GNC,1000,3,74,93051584
../prop_dataset,GNC,1000,4,102,94866432
../prop_dataset,GCNS,100,0,118,9763664
../prop_dataset,GCNS,100,1,6,9118784
../prop_dataset,GCNS,100,2,6,9366928
../prop_dataset,GCNS,100,3,8,9390288
../prop_dataset,GCNS,100,4,6,9394544
../prop_dataset,GCNS,200,0,13,17728784
../prop_dataset,GCNS,200,1,15,18586048
../prop_dataset,GCNS,200,2,15,18721616
../prop_dataset,GCNS,200,3,12,18414672
../prop_dataset,GCNS,200,4,12,19171696
../prop_dataset,GCNS,300,0,20,28076384
../prop_dataset,GCNS,300,1,22,28384848
../prop_dataset,GCNS,300,2,21,28271152
../prop_dataset,GCNS,300,3,20,27532880
../prop_dataset,GCNS,300,4,21,27962144
../prop_dataset,GCNS,400,0,27,37982832
../prop_dataset,GCNS,400,1,26,36478704
../prop_dataset,GCNS,400,2,29,37514384
../prop_dataset,GCNS,400,3,28,37270896
../prop_dataset,GCNS,400,4,26,36851328
../prop_dataset,GCNS,500,0,35,47157232
../prop_dataset,GCNS,500,1,34,46198784
../prop_dataset,GCNS,500,2,33,46328160
../prop_dataset,GCNS,500,3,36,46871984
../prop_dataset,GCNS,500,4,72,44810624
../prop_dataset,GCNS,600,0,40,56651840
../prop_dataset,GCNS,600,1,39,54602624
../prop_dataset,GCNS,600,2,40,56296976
../prop_dataset,GCNS,600,3,39,55686992
../prop_dataset,GCNS,600,4,41,56858256
../prop_dataset,GCNS,700,0,49,66049712
../prop_dataset,GCNS,700,1,50,65778000
../prop_dataset,GCNS,700,2,48,64995104
../prop_dataset,GCNS,700,3,47,65005824
../prop_dataset,GCNS,700,4,49,64871648
../prop_dataset,GCNS,800,0,100,74385152
../prop_dataset,GCNS,800,1,55,75239648
../prop_dataset,GCNS,800,2,54,73666976
../prop_dataset,GCNS,800,3,52,74090688
../prop_dataset,GCNS,800,4,53,73567984
../prop_dataset,GCNS,900,0,64,82774224
../prop_dataset,GCNS,900,1,61,82355520
../prop_dataset,GCNS,900,2,60,82258752
../prop_dataset,GCNS,900,3,63,85061232
../prop_dataset,GCNS,900,4,107,86086432
../prop_dataset,GCNS,1000,0,66,90835280
../prop_dataset,GCNS,1000,1,67,91636848
../prop_dataset,GCNS,1000,2,68,91839424
../prop_dataset,GCNS,1000,3,74,93051584
../prop_dataset,GCNS,1000,4,68,94866432
../prop_dataset,GNC,100,0,77,9763664
../prop_dataset,GNC,100,1,9,9118784
../prop_dataset,GNC,100,2,9,9366928
../prop_dataset,GNC,100,3,8,9390288
../prop_dataset,GNC,100,0,72,9763664
../prop_dataset,GNC,100,1,8,9118784
../prop_dataset,GNC,100,2,9,9366928
../prop_dataset,GNC,100,3,9,9390288
../prop_dataset,GNC,100,4,9,9394544
../prop_dataset,GNC,200,0,16,17728784
../prop_dataset,GNC,200,1,15,18586048
../prop_dataset,GNC,200,2,16,18721616
../prop_dataset,GNC,200,3,27,18414672
../prop_dataset,GNC,200,4,16,19171696
../prop_dataset,GNC,300,0,26,28076384
../prop_dataset,GNC,300,1,24,28384848
../prop_dataset,GNC,300,2,24,28271152
../prop_dataset,GNC,300,3,29,27532880
../prop_dataset,GNC,300,4,25,27962144
../prop_dataset,GNC,400,0,32,37982832
../prop_dataset,GNC,400,1,31,36478704
../prop_dataset,GNC,400,2,36,37514384
../prop_dataset,GNC,400,3,36,37270896
../prop_dataset,GNC,400,4,32,36851328
../prop_dataset,GNC,500,0,46,47157232
../prop_dataset,GNC,500,1,80,46198784
../prop_dataset,GNC,500,2,52,46328160
../prop_dataset,GNC,500,3,42,46871984
../prop_dataset,GNC,500,4,43,44810624
../prop_dataset,GNC,600,0,53,56651840
../prop_dataset,GNC,600,1,50,54602624
../prop_dataset,GNC,600,2,47,56296976
../prop_dataset,GNC,600,3,47,55686992
../prop_dataset,GNC,600,4,54,56858256
../prop_dataset,GNC,700,0,62,66049712
../prop_dataset,GNC,700,1,53,65778000
../prop_dataset,GNC,700,2,52,64995104
../prop_dataset,GNC,700,3,55,65005824
../prop_dataset,GNC,700,4,52,64871648
../prop_dataset,GNC,800,0,59,74385152
../prop_dataset,GNC,800,1,60,75239648
../prop_dataset,GNC,800,2,60,73666976
../prop_dataset,GNC,800,3,61,74090688
../prop_dataset,GNC,800,4,59,73567984
../prop_dataset,GNC,900,0,99,82774224
../prop_dataset,GNC,900,1,73,82355520
../prop_dataset,GNC,900,2,65,82258752
../prop_dataset,GNC,900,3,66,85061232
../prop_dataset,GNC,900,4,67,86086432
../prop_dataset,GNC,1000,0,71,90835280
../prop_dataset,GNC,1000,1,72,91636848
../prop_dataset,GNC,1000,2,79,91839424
../prop_dataset,GNC,1000,3,82,93051584
../prop_dataset,GNC,1000,4,83,94866432
../prop_dataset,GNC,100,0,72,9763664
../prop_dataset,GNC,100,1,9,9118784
../prop_dataset,GNC,100,2,8,9366928
../prop_dataset,GNC,100,3,10,9390288
../prop_dataset,GNC,100,4,8,9394544
../prop_dataset,GNC,200,0,18,17728784
../prop_dataset,GNC,200,1,16,18586048
../prop_dataset,GNC,200,2,16,18721616
../prop_dataset,GNC,200,3,16,18414672
../prop_dataset,GNC,200,4,17,19171696
../prop_dataset,GNC,300,0,24,28076384
../prop_dataset,GNC,300,1,25,28384848
../prop_dataset,GNC,300,2,24,28271152
../prop_dataset,GNC,300,3,25,27532880
../prop_dataset,GNC,300,4,24,27962144
../prop_dataset,GNC,400,0,33,37982832
../prop_dataset,GNC,400,1,31,36478704
../prop_dataset,GNC,400,2,73,37514384
../prop_dataset,GNC,400,3,31,37270896
../prop_dataset,GNC,400,4,31,36851328
../prop_dataset,GNC,500,0,39,47157232
../prop_dataset,GNC,500,1,36,46198784
../prop_dataset,GNC,500,2,38,46328160
../prop_dataset,GNC,500,3,40,46871984
../prop_dataset,GNC,500,4,80,44810624
../prop_dataset,GNC,600,0,47,56651840
../prop_dataset,GNC,600,1,47,54602624
../prop_dataset,GNC,600,2,47,56296976
../prop_dataset,GNC,600,3,47,55686992
../prop_dataset,GNC,600,4,46,56858256
../prop_dataset,GNC,700,0,54,66049712
../prop_dataset,GNC,700,1,55,65778000
../prop_dataset,GNC,700,2,54,64995104
../prop_dataset,GNC,700,3,55,65005824
../prop_dataset,GNC,700,4,94,64871648
../prop_dataset,GNC,800,0,62,74385152
../prop_dataset,GNC,800,1,101,75239648
../prop_dataset,GNC,800,2,61,73666976
../prop_dataset,GNC,800,3,95,74090688
../prop_dataset,GNC,800,4,60,73567984
../prop_dataset,GNC,900,0,69,82774224
../prop_dataset,GNC,900,1,68,82355520
../prop_dataset,GNC,900,2,68,82258752
../prop_dataset,GNC,900,3,69,85061232
../prop_dataset,GNC,900,4,70,86086432
../prop_dataset,GNC,1000,0,72,90835280
../prop_dataset,GNC,1000,1,73,91636848
../prop_dataset,GNC,1000,2,75,91839424
../prop_dataset,GNC,1000,3,76,93051584
../prop_dataset,GNC,1000,4,73,94866432
../prop_dataset,GNC,100,0,117,9763664
../prop_dataset,GNC,100,1,8,9118784
../prop_dataset,GNC,100,2,8,9366928
../prop_dataset,GNC,100,3,7,9390288
../prop_dataset,GNC,100,4,11,9394544
../prop_dataset,GNC,200,0,16,17728784
../prop_dataset,GNC,200,1,16,18586048
../prop_dataset,GNC,200,2,17,18721616
../prop_dataset,GNC,200,3,16,18414672
../prop_dataset,GNC,200,4,17,19171696
../prop_dataset,GNC,300,0,28,28076384
../prop_dataset,GNC,300,1,24,28384848
../prop_dataset,GNC,300,2,27,28271152
../prop_dataset,GNC,300,3,27,27532880
../prop_dataset,GNC,300,4,27,27962144
../prop_dataset,GNC,400,0,73,37982832
../prop_dataset,GNC,400,1,33,36478704
../prop_dataset,GNC,400,2,34,37514384
../prop_dataset,GNC,400,3,36,37270896
../prop_dataset,GNC,400,4,34,36851328
../prop_dataset,GNC,500,0,44,47157232
../prop_dataset,GNC,500,1,44,46198784
../prop_dataset,GNC,500,2,38,46328160
../prop_dataset,GNC,500,3,43,46871984
../prop_dataset,GNC,500,4,42,44810624
../prop_dataset,GNC,600,0,96,56651840
../prop_dataset,GNC,600,1,50,54602624
../prop_dataset,GNC,600,2,87,56296976
../prop_dataset,GNC,600,3,50,55686992
../prop_dataset,GNC,600,4,50,56858256
../prop_dataset,GNC,700,0,57,66049712
../prop_dataset,GNC,700,1,58,65778000
../prop_dataset,GNC,700,2,56,64995104
../prop_dataset,GNC,700,3,57,65005824
../prop_dataset,GNC,700,4,57,64871648
../prop_dataset,GNC,800,0,63,74385152
../prop_dataset,GNC,800,1,62,75239648
../prop_dataset,GNC,800,2,65,73666976
../prop_dataset,GNC,800,3,106,74090688
../prop_dataset,GNC,800,4,64,73567984
../prop_dataset,GNC,900,0,110,82774224
../prop_dataset,GNC,900,1,71,82355520
../prop_dataset,GNC,900,2,70,82258752
../prop_dataset,GNC,900,3,71,85061232
../prop_dataset,GNC,900,4,71,86086432
../prop_dataset,GNC,1000,0,77,90835280
../prop_dataset,GNC,1000,1,76,91636848
../prop_dataset,GNC,1000,2,76,91839424
../prop_dataset,GNC,1000,3,78,93051584
../prop_dataset,GNC,1000,4,77,94866432
../prop_dataset,GNC,100,0,80,9763664
../prop_dataset,GNC,100,1,8,9118784
../prop_dataset,GNC,100,2,8,9366928
../prop_dataset,GNC,100,3,11,9390288
../prop_dataset,GNC,100,4,10,9394544
../prop_dataset,GNC,200,0,17,17728784
../prop_dataset,GNC,200,1,18,18586048
../prop_dataset,GNC,200,2,16,18721616
../prop_dataset,GNC,200,3,16,18414672
../prop_dataset,GNC,200,4,17,19171696
../prop_dataset,GNC,300,0,24,28076384
../prop_dataset,GNC,300,1,24,28384848
../prop_dataset,GNC,300,2,28,28271152
../prop_dataset,GNC,300,3,24,27532880
../prop_dataset,GNC,300,4,26,27962144
../prop_dataset,GNC,400,0,35,37982832
../prop_dataset,GNC,400,1,35,36478704
../prop_dataset,GNC,400,2,35,37514384
../prop_dataset,GNC,400,3,35,37270896
../prop_dataset,GNC,400,4,36,36851328
../prop_dataset,GNC,500,0,43,47157232
../prop_dataset,GNC,500,1,43,46198784
../prop_dataset,GNC,500,2,43,46328160
../prop_dataset,GNC,500,3,44,46871984
../prop_dataset,GNC,500,4,44,44810624
../prop_dataset,GNC,600,0,52,56651840
../prop_dataset,GNC,600,1,91,54602624
../prop_dataset,GNC,600,2,52,56296976
../prop_dataset,GNC,600,3,52,55686992
../prop_dataset,GNC,600,4,54,56858256
../prop_dataset,GNC,700,0,60,66049712
../prop_dataset,GNC,700,1,61,65778000
../prop_dataset,GNC,700,2,62,64995104
../prop_dataset,GNC,700,3,61,65005824
../prop_dataset,GNC,700,4,99,64871648
../prop_dataset,GNC,800,0,68,74385152
../prop_dataset,GNC,800,1,67,75239648
../prop_dataset,GNC,800,2,67,73666976
../prop_dataset,GNC,800,3,66,74090688
../prop_dataset,GNC,800,4,68,73567984
../prop_dataset,GNC,900,0,73,82774224
../prop_dataset,GNC,900,1,74,82355520
../prop_dataset,GNC,900,2,107,82258752
../prop_dataset,GNC,900,3,75,85061232
../prop_dataset,GNC,900,4,76,86086432
../prop_dataset,GNC,1000,0,79,90835280
../prop_dataset,GNC,1000,1,81,91636848
../prop_dataset,GNC,1000,2,81,91839424
../prop_dataset,GNC,1000,3,83,93051584
../prop_dataset,GNC,1000,4,134,94866432
../prop_dataset,GCNS,100,0,75,9763664
../prop_dataset,GCNS,100,1,7,9118784
../prop_dataset,GCNS,100,2,8,9366928
../prop_dataset,GCNS,100,3,8,9390288
../prop_dataset,GCNS,100,4,7,9394544
../prop_dataset,GCNS,200,0,14,17728784
../prop_dataset,GCNS,200,1,14,18586048
../prop_dataset,GCNS,200,2,14,18721616
../prop_dataset,GCNS,200,3,14,18414672
../prop_dataset,GCNS,200,4,15,19171696
../prop_dataset,GCNS,300,0,20,28076384
../prop_dataset,GCNS,300,1,21,28384848
../prop_dataset,GCNS,300,2,21,28271152
../prop_dataset,GCNS,300,3,20,27532880
../prop_dataset,GCNS,300,4,20,27962144
../prop_dataset,GCNS,400,0,27,37982832
../prop_dataset,GCNS,400,1,25,36478704
../prop_dataset,GCNS,400,2,74,37514384
../prop_dataset,GCNS,400,3,27,37270896
../prop_dataset,GCNS,400,4,26,36851328
../prop_dataset,GCNS,500,0,35,47157232
../prop_dataset,GCNS,500,1,80,46198784
../prop_dataset,GCNS,500,2,37,46328160
../prop_dataset,GCNS,500,3,35,46871984
../prop_dataset,GCNS,500,4,78,44810624
../prop_dataset,GCNS,600,0,42,56651840
../prop_dataset,GCNS,600,1,41,54602624
../prop_dataset,GCNS,600,2,88,56296976
../prop_dataset,GCNS,600,3,42,55686992
../prop_dataset,GCNS,600,4,91,56858256
../prop_dataset,GCNS,700,0,53,66049712
../prop_dataset,GCNS,700,1,51,65778000
../prop_dataset,GCNS,700,2,52,64995104
../prop_dataset,GCNS,700,3,52,65005824
../prop_dataset,GCNS,700,4,51,64871648
../prop_dataset,GCNS,800,0,59,74385152
../prop_dataset,GCNS,800,1,57,75239648
../prop_dataset,GCNS,800,2,56,73666976
../prop_dataset,GCNS,800,3,56,74090688
../prop_dataset,GCNS,800,4,54,73567984
../prop_dataset,GCNS,900,0,62,82774224
../prop_dataset,GCNS,900,1,100,82355520
../prop_dataset,GCNS,900,2,65,82258752
../prop_dataset,GCNS,900,3,64,85061232
../prop_dataset,GCNS,900,4,65,86086432
../prop_dataset,GCNS,1000,0,70,90835280
../prop_dataset,GCNS,1000,1,70,91636848
../prop_dataset,GCNS,1000,2,71,91839424
../prop_dataset,GCNS,1000,3,71,93051584
../prop_dataset,GCNS,1000,4,115,94866432
